{"cameraMode":{"drawMode":0,"name":"Shaded","section":"Shading Mode"},"sceneLighting":false,"audioPlay":false,"sceneViewState":{"showFog":true,"showMaterialUpdate":true,"showSkybox":false,"showFlares":true,"showImageEffects":true,"showParticleSystems":true},"in2DMode":false,"pivot":{"x":259.535888671875,"y":102.53895568847656,"z":-48.90484619140625},"rotation":{"x":-0.01685435324907303,"y":0.9727931618690491,"z":0.07546869665384293,"w":0.21924839913845063},"size":361.9958801269531,"orthographic":false}