{"cameraMode":{"drawMode":0,"name":"Shaded","section":"Shading Mode"},"sceneLighting":true,"audioPlay":false,"sceneViewState":{"showFog":true,"showMaterialUpdate":true,"showSkybox":true,"showFlares":true,"showImageEffects":true,"showParticleSystems":true},"in2DMode":false,"pivot":{"x":22.689910888671876,"y":-2.143374443054199,"z":44.86609649658203},"rotation":{"x":0.07552704960107804,"y":-0.23072826862335206,"z":0.018186422064900399,"w":0.9699199795722961},"size":0.9489471316337586,"orthographic":false}