{"cameraMode":{"drawMode":0,"name":"Shaded","section":"Shading Mode"},"sceneLighting":false,"audioPlay":false,"sceneViewState":{"showFog":true,"showMaterialUpdate":true,"showSkybox":false,"showFlares":true,"showImageEffects":true,"showParticleSystems":true},"in2DMode":false,"pivot":{"x":-0.36888739466667178,"y":1.0818864107131959,"z":0.2561580538749695},"rotation":{"x":-0.12380625307559967,"y":0.7264487743377686,"z":-0.13579978048801423,"w":-0.6622419357299805},"size":0.988369882106781,"orthographic":false}