{"cameraMode":{"drawMode":0,"name":"Shaded","section":"Shading Mode"},"sceneLighting":false,"audioPlay":false,"sceneViewState":{"showFog":true,"showMaterialUpdate":true,"showSkybox":false,"showFlares":true,"showImageEffects":true,"showParticleSystems":true},"in2DMode":false,"pivot":{"x":0.7048271894454956,"y":-0.29066580533981326,"z":0.654076337814331},"rotation":{"x":0.22464492917060853,"y":-0.611656129360199,"z":0.18721330165863038,"w":0.7350994944572449},"size":1.0641834735870362,"orthographic":false}